{
    "final_test_loss": 0.5310601269574584,
    "final_test_rmse": 0.7290447451068346,
    "final_test_r2": 0.22931230068206787,
    "final_test_ci": 0.6886815202603267,
    "best_validation_loss": 0.5310601269574584,
    "training_losses_per_epoch": [
        2.193039071602236,
        0.9961665920663775,
        0.9638944483202456,
        0.9408350282921596,
        0.9251071086577318
    ],
    "validation_losses_per_epoch": [
        0.7302712982973537,
        0.5708681244906542,
        0.5354027656687272,
        0.6612848564982414,
        0.5310601269574584
    ],
    "validation_rmse_per_epoch": [
        0.8548389712050021,
        0.7558663143657555,
        0.7320422600210288,
        0.8134013091927303,
        0.7290447451068346
    ],
    "validation_r2_per_epoch": [
        -0.05959200859069824,
        0.17156201601028442,
        0.22296184301376343,
        0.040644049644470215,
        0.22931230068206787
    ],
    "validation_ci_per_epoch": [
        0.6414587126047808,
        0.6629920842805767,
        0.6765096359588904,
        0.6843829408800068,
        0.6886815202603267
    ],
    "config": {
        "smiles_model": "seyonec/ChemBERTa-zinc-base-v1",
        "protein_model": "facebook/esm2_t6_8M_UR50D",
        "batch_size": 32,
        "epochs": 5,
        "lr": 0.0001,
        "output_dir": "/results"
    }
}